Workbook
Name anos: App!$C$11
Name aporte: App!$C$10
Name rendimento: App!$C$6
Name taxa_mensal: App!$C$12
Name tota: App!$C$14

Sheet tabela_de_apoio
A3: CHAVE-COMPOSTA | B3: PERFIL | C3: TIPOS | D3: %
A4: =B4&"-"&C4 -> Conservador-PAPEL | B4: Conservador | C4: PAPEL | D4: 0.3
A5: =B5&"-"&C5 -> Conservador-TIJOLO | B5: Conservador | C5: TIJOLO | D5: 0.5
A6: =B6&"-"&C6 -> Conservador-HIBRIDOS | B6: Conservador | C6: HIBRIDOS | D6: 0.1
A7: =B7&"-"&C7 -> Conservador-FOFs | B7: Conservador | C7: FOFs | D7: 0.1
A8: =B8&"-"&C8 -> Conservador-DESENVOLVIMENTO | B8: Conservador | C8: DESENVOLVIMENTO | D8: 0
A9: =B9&"-"&C9 -> Conservador-HOTELARIAS | B9: Conservador | C9: HOTELARIAS | D9: 0
A11: =B11&"-"&C11 -> Moderado-PAPEL | B11: Moderado | C11: PAPEL | D11: 0.32
A12: =B12&"-"&C12 -> Moderado-TIJOLO | B12: Moderado | C12: TIJOLO | D12: 0.4
A13: =B13&"-"&C13 -> Moderado-HIBRIDOS | B13: Moderado | C13: HIBRIDOS | D13: 0.08
A14: =B14&"-"&C14 -> Moderado-FOFs | B14: Moderado | C14: FOFs | D14: 0.1
A15: =B15&"-"&C15 -> Moderado-DESENVOLVIMENTO | B15: Moderado | C15: DESENVOLVIMENTO | D15: 0.1
A16: =B16&"-"&C16 -> Moderado-HOTELARIAS | B16: Moderado | C16: HOTELARIAS | D16: 0
... A23: =B23&"-"&C23 -> Agressivo-HOTELARIAS | B23: Agressivo | C23: HOTELARIAS | D23: 0.1

Sheet App
B2: Higor - Invest
B4: configuraçõres
B5: Sálario | C5: 5000
B6: Rendimento da carteira | C6: 0.006
B7: Sugestão de Investimento | C7: =C5*30% -> 1500
B9: INVESTIMENTO MENSAL
B10: QUANTO INVESTIR POR MÊS? | C10: 5000
B11: POR QUANTOS ANOS? | C11: 5
B12: TAXA DE RENDIMENTO MENSAl? | C12: 0.01079
B13: PATRIMÔNIO ACUMULADO? | C13: =FV(taxa_mensal,anos*12,aporte*(-1)) -> 418884.57
B14: DIVIDENDO MENSAIS? | C14: =C13*C12 -> 4519.7645
B16: CENÁRIOS Dividendo | D16: DIVIDENDO
A17: 2 | B17: QUANTO EM 2 ANOS? | C17: =FV(taxa_mensal,A17*12,aporte*(-1)) -> 136138.14 | D17: =C17*rendimento -> 816.82882
A18: 5 | B18: QUANTO EM 5 ANOS? | C18: =FV(taxa_mensal,A18*12,aporte*(-1)) -> 418884.57 | D18: =C18*rendimento -> 2513.3074
A19: 10 | B19: QUANTO EM 10 ANOS? | C19: =FV(taxa_mensal,A19*12,aporte*(-1)) -> 1216421.1 | D19: =C19*rendimento -> 7298.5264
A20: 20 | B20: QUANTO EM 20 ANOS? | C20: =FV(taxa_mensal,A20*12,aporte*(-1)) -> 5625992 | D20: =C20*rendimento -> 33755.952
A21: 30 | B21: QUANTO EM 30 ANOS? | C21: =FV(taxa_mensal,A21*12,aporte*(-1)) -> 21610848 | D21: =C21*rendimento -> 129665.09
B23: Perfil | C23: Conservador
B24: Valor a ser investido por Mês | C24: =aporte -> 5000
B26: TIPO DE FII | C26: Percentual Sugerido | D26: Valores
B27: PAPEL | C27: =VLOOKUP($C$23&"-"&B27,tabela_de_apoio!$A:$D,4,FALSE) -> 0.3 | D27: =aporte*C27 -> 1500
B28: TIJOLO | C28: =VLOOKUP($C$23&"-"&B28,tabela_de_apoio!$A:$D,4,FALSE) -> 0.5 | D28: =aporte*C28 -> 2500
B29: HIBRIDOS | C29: =VLOOKUP($C$23&"-"&B29,tabela_de_apoio!$A:$D,4,FALSE) -> 0.1 | D29: =aporte*C29 -> 500
B30: FOFs | C30: =VLOOKUP($C$23&"-"&B30,tabela_de_apoio!$A:$D,4,FALSE) -> 0.1 | D30: =aporte*C30 -> 500
B31: DESENVOLVIMENTO | C31: =VLOOKUP($C$23&"-"&B31,tabela_de_apoio!$A:$D,4,FALSE) -> 0 | D31: =aporte*C31 -> 0
B32: HOTELARIAS | C32: =VLOOKUP($C$23&"-"&B32,tabela_de_apoio!$A:$D,4,FALSE) -> 0 | D32: =aporte*C32 -> 0
D33: =SUM(D27:D32) -> 5000
